roomNum,firstName,lastName,phoneNum,dateStart,dateEnd,numGuests,isAvailable
88,Memphis,Liu,265-897-9114,08-21-2022,08-26-2022,4,False
89,,,,,,,True
90,,,,,,,True
91,Marcus,Castro,847-891-9505,01-15-2022,02-16-2022,2,False
92,Chase,Cummings,769-899-9774,12-08-2022,12-27-2022,3,False
93,,,,,,,True
94,,,,,,,True
95,Manuel,Day,448-629-9420,03-29-2022,04-24-2022,4,False
96,,,,,,,True
97,Kyrie,Fleming,125-395-9571,04-03-2022,04-12-2022,2,False
98,,,,,,,True
10,Carlos,Graves,258-524-4069,10-10-2022,10-28-2022,2,False
99,,,,,,,True
11,Ivan,Pham,739-822-0110,03-19-2022,04-09-2022,4,False
12,,,,,,,True
13,Patrick,Hart,247-171-2927,01-17-2022,02-12-2022,3,False
14,Simon,Li,206-667-3891,09-23-2022,10-03-2022,3,False
15,Lorenzo,Chang,295-464-1725,12-21-2022,12-23-2022,4,False
16,,,,,,,True
17,Richard,Harrington,843-041-6213,01-04-2022,01-21-2022,4,False
18,,,,,,,True
19,Emanuel,Vaughn,100-556-3928,01-18-2022,01-28-2022,1,False
1,Hector,Mcgee,311-749-9737,07-21-2022,08-22-2022,4,False
2,Tristan,Spencer,408-252-1468,10-05-2022,10-23-2022,3,False
3,,,,,,,True
4,Cayden,Simmons,285-328-3644,04-10-2022,05-27-2022,4,False
5,Alex,Montgomery,503-706-0685,06-07-2022,06-23-2022,2,False
6,,,,,,,True
7,,,,,,,True
8,Jayce,Wolf,525-173-0186,07-03-2022,07-24-2022,0,False
9,,,,,,,True
20,,,,,,,True
21,,,,,,,True
22,,,,,,,True
23,Sean,Ward,658-294-0534,04-16-2022,04-29-2022,4,False
24,Archie,Simpson,729-026-2625,06-12-2022,06-18-2022,3,False
25,John,Moss,776-965-5594,01-19-2022,01-29-2022,1,False
26,,,,,,,True
27,,,,,,,True
28,,,,,,,True
29,Ryker,Chapman,908-185-2350,12-16-2022,12-17-2022,3,False
30,Jude,Newton,465-812-8197,09-20-2022,10-23-2022,2,False
31,Bryce,Schwartz,438-066-3565,02-18-2022,02-19-2022,1,False
32,,,,,,,True
33,Greyson,Jennings,190-290-4405,05-25-2022,05-29-2022,4,False
34,Karter,Cortez,328-472-4636,01-27-2022,02-03-2022,4,False
35,,,,,,,True
36,Omar,Dunn,212-278-2712,11-17-2022,11-18-2022,1,False
37,,,,,,,True
38,Gianni,Castillo,537-545-7724,07-04-2022,07-16-2022,0,False
39,Maximus,Pacheco,217-787-6613,05-07-2022,06-04-2022,4,False
40,Justin,Bates,749-910-0414,01-15-2022,01-17-2022,1,False
41,Elliot,Brewer,768-136-7552,11-16-2022,12-01-2022,4,False
42,Charles,Castillo,278-758-7715,03-05-2022,03-10-2022,4,False
43,,,,,,,True
44,,,,,,,True
45,Jaxton,Moran,428-178-2210,10-04-2022,10-27-2022,2,False
46,Adan,Curtis,359-064-0718,12-21-2022,12-24-2022,1,False
47,Kasen,Caldwell,261-860-1821,03-27-2022,04-19-2022,2,False
48,Colson,Vaughn,475-477-4421,05-13-2022,05-18-2022,4,False
49,,,,,,,True
50,,,,,,,True
51,,,,,,,True
52,,,,,,,True
53,,,,,,,True
54,Colin,Duncan,966-785-2511,12-15-2022,12-17-2022,3,False
55,,,,,,,True
56,,,,,,,True
57,Theodore,Boyd,885-942-4720,06-05-2022,06-07-2022,1,False
58,,,,,,,True
59,Maddox,Simpson,654-928-7361,08-16-2022,09-02-2022,1,False
60,,,,,,,True
61,,,,,,,True
62,Ruben,Garza,794-379-4521,09-10-2022,09-23-2022,0,False
63,Malachi,Schwartz,657-611-1402,03-29-2022,04-08-2022,2,False
64,Malachi,Murphy,961-834-8341,02-02-2022,03-09-2022,2,False
65,,,,,,,True
66,John,Webster,266-470-4739,10-11-2022,10-12-2022,4,False
67,,,,,,,True
68,Miguel,Joseph,473-448-7684,05-24-2022,06-22-2022,2,False
69,Leonel,Perkins,954-413-8162,02-05-2022,02-27-2022,2,False
70,,,,,,,True
71,,,,,,,True
72,,,,,,,True
73,Avery,Hoffman,860-843-0572,01-06-2022,01-24-2022,2,False
74,,,,,,,True
75,,,,,,,True
76,Levi,Contreras,712-704-6832,04-11-2022,05-08-2022,1,False
77,,,,,,,True
78,Braxton,Maldonado,946-692-5918,05-08-2022,05-12-2022,4,False
79,Gianni,Marquez,686-943-1538,10-22-2022,11-01-2022,4,False
100,,,,,,,True
80,,,,,,,True
81,,,,,,,True
82,Marcus,Chen,872-115-6599,02-12-2022,03-15-2022,1,False
83,,,,,,,True
84,Mario,Alday,985-784-4848,2022-04-13,2022-05-05,2,False
85,Elijah,Owens,879-318-8380,09-24-2022,10-17-2022,2,False
86,,,,,,,True
87,,,,,,,True
