roomNum,firstName,lastName,phoneNum,dateStart,dateEnd,numGuests,isAvailable
<<<<<<< HEAD
21,Evan,Boyd,767-244-5369,12/9/22 8:42,3/12/22 1:28,4,TRUE
37,Rowan,Gonzales,838-432-8798,3/17/22 18:24,6/14/22 8:11,4,TRUE
35,Nehemiah,Fitzgerald,703-380-1420,10/29/22 14:30,2/2/22 19:08,3,TRUE
7,Caiden,Burns,273-455-5498,4/8/22 11:19,11/24/22 20:42,4,FALSE
1,Diego,Warren,441-526-4431,2/14/22 8:15,3/25/22 15:04,3,FALSE
23,Avery,Stevenson,954-126-9838,5/15/22 7:57,2/1/22 22:01,2,TRUE
13,Alejandro,Berry,384-079-8919,10/29/22 21:48,8/27/22 18:24,1,FALSE
46,Walker,Trujillo,664-296-8596,1/7/22 18:54,9/12/22 14:34,4,FALSE
11,Jaxton,Delgado,883-128-2713,8/27/22 1:29,8/1/22 16:35,4,TRUE
31,Zion,Logan,911-568-2488,10/9/22 11:42,3/16/22 14:39,4,TRUE
32,Nico,Reese,320-115-3302,5/11/22 13:23,3/26/22 16:45,2,FALSE
24,Paul,Blake,276-142-0495,9/28/22 20:16,1/26/22 18:32,0,FALSE
19,Beckham,Carr,340-447-0676,10/20/22 10:41,6/17/22 14:22,2,TRUE
48,Cyrus,Flores,136-575-1720,3/9/22 11:25,7/14/22 8:18,3,TRUE
18,Joseph,Ferguson,350-405-6901,12/26/22 11:52,7/8/22 2:40,2,FALSE
47,Andy,Dawson,378-632-1648,8/18/22 19:50,4/21/22 19:21,3,TRUE
36,Abel,Hines,987-355-8593,7/2/22 17:34,6/27/22 19:42,0,FALSE
39,Devin,Avila,604-280-4251,2/20/22 5:28,9/22/22 5:13,1,FALSE
2,Ronin,Baldwin,314-873-4615,5/21/22 19:52,11/24/22 12:08,2,FALSE
49,Eduardo,Knight,874-297-6300,12/12/22,9/6/22 5:57,4,FALSE
50,Matthew,Bowman,946-085-6712,3/18/22 1:53,5/1/22 20:56,1,FALSE
12,Kaison,Huang,673-502-7104,10/27/22 12:22,4/30/22 6:41,4,FALSE
14,Malakai,Griffin,486-033-8211,5/8/22 12:46,12/12/22,2,FALSE
45,Archer,Adams,459-271-9413,4/14/22 1:35,6/13/22 1:14,3,FALSE
3,Kane,Bates,726-639-8684,12/1/22 5:14,6/1/22 6:16,3,FALSE
41,Kade,Reed,261-657-3664,4/21/22 18:48,1/5/22 14:06,0,TRUE
27,Asher,Black,588-525-5160,6/15/22 12:23,8/30/22 23:10,4,TRUE
17,Wilder,Kim,769-541-7868,4/6/22 8:48,9/22/22 22:56,3,TRUE
40,Hayes,Kim,120-313-7600,6/18/22 8:17,3/28/22 5:10,3,FALSE
10,Brooks,Elliott,635-011-4629,2/11/22 18:09,1/18/22 7:10,4,FALSE
29,Ford,Schultz,553-956-9822,7/4/22 20:40,1/18/22 7:08,2,FALSE
20,Jesse,Carroll,693-254-1192,9/29/22 20:15,12/28/22 12:32,3,TRUE
15,Bryan,Sanders,127-340-8958,12/19/22 4:14,2/13/22 10:07,3,TRUE
30,Emmett,Brewer,485-404-1693,7/24/22 19:11,1/9/22 3:33,4,FALSE
42,Sebastian,Huang,127-865-6469,1/17/22 11:57,9/12/22 21:15,0,TRUE
4,Alex,Fuentes,978-186-6791,6/24/22 14:44,12/6/22 15:34,0,TRUE
16,Edward,Evans,507-253-4320,11/8/22 10:48,9/3/22 15:11,3,FALSE
6,Cyrus,Keller,129-183-7967,8/3/22 22:26,1/5/22 9:46,2,TRUE
38,Xander,Ferguson,264-969-9806,10/25/22 9:47,12/7/22 23:42,4,FALSE
33,Ari,Christensen,750-970-0126,2/26/22 14:34,6/13/22 21:16,2,FALSE
34,Johnathan,Franco,942-967-9936,8/21/22 8:01,10/27/22 21:25,1,FALSE
5,Erik,Morales,794-714-7893,5/1/22 11:20,8/1/22 3:06,2,FALSE
26,Hugo,Montoya,800-146-1764,5/8/22 21:03,5/27/22 11:28,3,FALSE
44,Brian,Navarro,682-181-5824,11/30/22 15:35,8/8/22 3:39,1,TRUE
9,Grant,Phillips,232-400-7626,2/9/22 16:41,3/21/22 22:04,1,TRUE
8,Callum,Jones,398-590-9831,12/28/22 19:48,2/7/22 12:37,0,TRUE
25,Brandon,Holland,628-880-9998,8/10/22 7:56,12/25/22 2:11,0,FALSE
22,Nathan,Mullins,719-391-4260,5/5/22 9:44,10/12/22 9:23,1,TRUE
28,Ashton,Rogers,436-055-7786,12/1/22 1:37,1/13/22 7:14,3,TRUE
43,Maximiliano,Wise,556-826-1520,1/11/22 14:14,12/16/22 22:06,0,TRUE
321,df,dfas,dasf,2/22/23/ 13:13,3/33/23/13:13,3,FALSE
=======
38,Gianni,Castillo,537-545-7724,07-04-2022,07-16-2022,0,False
66,John,Webster,266-470-4739,10-11-2022,10-12-2022,4,False
84,,,,,,,True
88,Memphis,Liu,265-897-9114,08-21-2022,08-26-2022,4,False
100,,,,,,,True
61,,,,,,,True
59,Maddox,Simpson,654-928-7361,08-16-2022,09-02-2022,1,False
6,,,,,,,True
46,Adan,Curtis,359-064-0718,12-21-2022,12-24-2022,1,False
43,,,,,,,True
97,Kyrie,Fleming,125-395-9571,04-03-2022,04-12-2022,2,False
86,,,,,,,True
49,,,,,,,True
57,Theodore,Boyd,885-942-4720,06-05-2022,06-07-2022,1,False
80,,,,,,,True
41,Elliot,Brewer,768-136-7552,11-16-2022,12-01-2022,4,False
54,Colin,Duncan,966-785-2511,12-15-2022,12-17-2022,3,False
26,,,,,,,True
52,,,,,,,True
75,,,,,,,True
87,,,,,,,True
16,,,,,,,True
8,Jayce,Wolf,525-173-0186,07-03-2022,07-24-2022,0,False
21,,,,,,,True
93,,,,,,,True
5,Alex,Montgomery,503-706-0685,06-07-2022,06-23-2022,2,False
4,Cayden,Simmons,285-328-3644,04-10-2022,05-27-2022,4,False
13,Patrick,Hart,247-171-2927,01-17-2022,02-12-2022,3,False
82,Marcus,Chen,872-115-6599,02-12-2022,03-15-2022,1,False
98,,,,,,,True
73,Avery,Hoffman,860-843-0572,01-06-2022,01-24-2022,2,False
76,Levi,Contreras,712-704-6832,04-11-2022,05-08-2022,1,False
2,Tristan,Spencer,408-252-1468,10-05-2022,10-23-2022,3,False
28,,,,,,,True
9,,,,,,,True
67,,,,,,,True
83,,,,,,,True
74,,,,,,,True
65,,,,,,,True
78,Braxton,Maldonado,946-692-5918,05-08-2022,05-12-2022,4,False
23,Sean,Ward,658-294-0534,04-16-2022,04-29-2022,4,False
51,,,,,,,True
79,Gianni,Marquez,686-943-1538,10-22-2022,11-01-2022,4,False
10,Carlos,Graves,258-524-4069,10-10-2022,10-28-2022,2,False
47,Kasen,Caldwell,261-860-1821,03-27-2022,04-19-2022,2,False
60,,,,,,,True
99,,,,,,,True
27,,,,,,,True
30,Jude,Newton,465-812-8197,09-20-2022,10-23-2022,2,False
1,Hector,Mcgee,311-749-9737,07-21-2022,08-22-2022,4,False
20,,,,,,,True
24,Archie,Simpson,729-026-2625,06-12-2022,06-18-2022,3,False
37,,,,,,,True
22,,,,,,,True
53,,,,,,,True
25,John,Moss,776-965-5594,01-19-2022,01-29-2022,1,False
31,Bryce,Schwartz,438-066-3565,02-18-2022,02-19-2022,1,False
85,Elijah,Owens,879-318-8380,09-24-2022,10-17-2022,2,False
90,,,,,,,True
3,,,,,,,True
94,,,,,,,True
68,Miguel,Joseph,473-448-7684,05-24-2022,06-22-2022,2,False
70,,,,,,,True
36,Omar,Dunn,212-278-2712,11-17-2022,11-18-2022,1,False
44,,,,,,,True
14,Simon,Li,206-667-3891,09-23-2022,10-03-2022,3,False
95,Manuel,Day,448-629-9420,03-29-2022,04-24-2022,4,False
81,,,,,,,True
56,,,,,,,True
58,,,,,,,True
7,,,,,,,True
63,Malachi,Schwartz,657-611-1402,03-29-2022,04-08-2022,2,False
32,,,,,,,True
33,Greyson,Jennings,190-290-4405,05-25-2022,05-29-2022,4,False
42,Charles,Castillo,278-758-7715,03-05-2022,03-10-2022,4,False
89,,,,,,,True
72,,,,,,,True
62,Ruben,Garza,794-379-4521,09-10-2022,09-23-2022,0,False
18,,,,,,,True
96,,,,,,,True
15,Lorenzo,Chang,295-464-1725,12-21-2022,12-23-2022,4,False
77,,,,,,,True
92,Chase,Cummings,769-899-9774,12-08-2022,12-27-2022,3,False
39,Maximus,Pacheco,217-787-6613,05-07-2022,06-04-2022,4,False
91,Marcus,Castro,847-891-9505,01-15-2022,02-16-2022,2,False
11,Ivan,Pham,739-822-0110,03-19-2022,04-09-2022,4,False
50,,,,,,,True
71,,,,,,,True
12,,,,,,,True
19,Emanuel,Vaughn,100-556-3928,01-18-2022,01-28-2022,1,False
48,Colson,Vaughn,475-477-4421,05-13-2022,05-18-2022,4,False
17,Richard,Harrington,843-041-6213,01-04-2022,01-21-2022,4,False
45,Jaxton,Moran,428-178-2210,10-04-2022,10-27-2022,2,False
40,Justin,Bates,749-910-0414,01-15-2022,01-17-2022,1,False
29,Ryker,Chapman,908-185-2350,12-16-2022,12-17-2022,3,False
69,Leonel,Perkins,954-413-8162,02-05-2022,02-27-2022,2,False
64,Malachi,Murphy,961-834-8341,02-02-2022,03-09-2022,2,False
35,,,,,,,True
55,,,,,,,True
34,Karter,Cortez,328-472-4636,01-27-2022,02-03-2022,4,False
>>>>>>> 8d2d8cfb7255b92a51703eb3964bf38ecc4252db
